{
  code: 'compass',
  variantgroups: [
    { code: "type", states: ["magnetic", "relative", "origin" ] },
  ],
  classByType: {
    "*-magnetic": "ItemMagneticCompass",
    "*-relative": "ItemRelativeCompass",
    "*-origin": "ItemOriginCompass",
  },
  creativeinventory: { general: [''], items: [""] },
  shape: { base: 'item/compass-base' },
  maxstacksize: 1,
  glowLevelByType: {
    "*-relative": 255,
    "*-origin": 255,
  },
  fpHandTransform: {
    translation: { x: -0.35, y: 0.4, z: 0 },
    rotation: { x: 174, y: 104, z: -140 },
    scale: 1.76
  },
  guiTransform: {
    translation: { x: 2, y: 6, z: 0 },
    rotation: { x: 145, y: -90, z: 0 },
    origin: { x: 0.5, y: 0, z: 0.5 },
    scale: 2.7
  },
  groundTransform: {
    translation: { x: 0, y: 0.3, z: 0 },
    rotation: { x: 0, y: 0, z: 0 },
    origin: { x: 0.5, y: 0.5, z: 0.5299 },
    scale: 2.48
  },
  tpHandTransform: {
    translation: { x: -2.1, y: -1.6, z: -1.4 },
    rotation: { x: 0, y: 0, z: -69 }
  },
  "transitionableProps": [{
    "type": "cure",
    "freshHours": { "avg": 0 },
    "transitionHours": { "avg": 0.01 },
    "transitionedStack": { "type": "block", "code": "compass:compass-placeable-{type}" },
    "transitionRatio": 1
  }]
}
