{
  "ingredientPattern": "S,K,B",
  "width": 1,
  "height": 3,
  "ingredients": {
    "S": {
      "type": "block",
      "code": "game:metal-scraps"
    },
    "K": {
      "type": "item",
      "code": "game:stick"
    },
    "B": {
      "alternates": [
        {
          "type": "item",
          "code": "game:bowl"
        },
        {
          "type": "item",
          "code": "game:bowl-*"
        }
      ]
    }
  },
  "output": {
    "type": "block",
    "code": "compass-placeable-magnetic"
  }
}
