{
	"editor": {
		"allAngles": false,
		"entityTextureMode": true
	},
	"textureWidth": 16,
	"textureHeight": 16,
	"textureSizes": {
	},
	"textures": {
    ceramic: 'game:block/clay/ceramic-dark',
    magnetic: 'game:item/resource/nugget/magnetite',
    relative: 'game:item/resource/nugget/malachite',
    origin: 'game:block/fire-blue',
	},
	"elements": [
		{
			"name": "base",
			"from": [ 5.0, 0.0, 5.0 ], 
			"to": [ 11.0, 1.0, 11.0 ], 
			"unwrapRotation": 1,
			"uv": [ 0.0, 0.0 ],
			"rotationOrigin": [ 9.0, 0.0, 9.0 ],
			"faces": {
				"north": { "texture": "#ceramic", "uv": [ 0.0, 6.0, 1.0, 12.0 ], "rotation": 90 },
				"east": { "texture": "#ceramic", "uv": [ 1.0, 6.0, 7.0, 7.0 ] },
				"south": { "texture": "#ceramic", "uv": [ 7.0, 6.0, 8.0, 12.0 ], "rotation": 270 },
				"west": { "texture": "#ceramic", "uv": [ 8.0, 6.0, 14.0, 7.0 ], "rotation": 180 },
				"up": { "texture": "#ceramic", "uv": [ 0.0, 0.0, 6.0, 6.0 ], "rotation": 270 },
				"down": { "texture": "#ceramic", "uv": [ 6.0, 0.0, 12.0, 6.0 ], "rotation": 90 }
			},
			"children": [
				{
					"name": "edge0",
					"from": [ -1.0, 0.0, 0.0 ], 
					"to": [ 0.0, 3.0, 7.0 ], 
					"unwrapRotation": 1,
					"uv": [ 0.0, 0.0 ],
					"rotationOrigin": [ -1.0, 0.0, 0.0 ],
					"faces": {
						"north": { "texture": "#ceramic", "uv": [ 0.0, 7.0, 1.0, 10.0 ] },
						"east": { "texture": "#ceramic", "uv": [ 1.0, 7.0, 8.0, 10.0 ] },
						"south": { "texture": "#ceramic", "uv": [ 8.0, 7.0, 9.0, 10.0 ] },
						"west": { "texture": "#ceramic", "uv": [ 9.0, 7.0, 16.0, 10.0 ] },
						"up": { "texture": "#ceramic", "uv": [ 0.0, 0.0, 1.0, 7.0 ] },
						"down": { "texture": "#ceramic", "uv": [ 1.0, 0.0, 2.0, 7.0 ] }
					}
				},
				{
					"name": "edge1",
					"from": [ 6.0, 0.0, -1.0 ], 
					"to": [ 7.0, 3.0, 6.0 ], 
					"uv": [ 0.0, 0.0 ],
					"rotationOrigin": [ 6.0, 0.0, -1.0 ],
					"faces": {
						"north": { "texture": "#ceramic", "uv": [ 0.0, 7.0, 1.0, 10.0 ] },
						"east": { "texture": "#ceramic", "uv": [ 1.0, 7.0, 8.0, 10.0 ] },
						"south": { "texture": "#ceramic", "uv": [ 8.0, 7.0, 9.0, 10.0 ] },
						"west": { "texture": "#ceramic", "uv": [ 9.0, 7.0, 16.0, 10.0 ] },
						"up": { "texture": "#ceramic", "uv": [ 0.0, 0.0, 1.0, 7.0 ] },
						"down": { "texture": "#ceramic", "uv": [ 1.0, 0.0, 2.0, 7.0 ] }
					}
				},
				{
					"name": "edge2",
					"from": [ -1.0, 0.0, -1.0 ], 
					"to": [ 6.0, 3.0, 0.0 ], 
					"uv": [ 0.0, 0.0 ],
					"rotationOrigin": [ -1.0, 0.0, -1.0 ],
					"faces": {
						"north": { "texture": "#ceramic", "uv": [ 0.0, 1.0, 7.0, 4.0 ] },
						"east": { "texture": "#ceramic", "uv": [ 7.0, 1.0, 8.0, 4.0 ] },
						"south": { "texture": "#ceramic", "uv": [ 8.0, 1.0, 15.0, 4.0 ] },
						"west": { "texture": "#ceramic", "uv": [ 15.0, 1.0, 16.0, 4.0 ] },
						"up": { "texture": "#ceramic", "uv": [ 0.0, 0.0, 7.0, 1.0 ] },
						"down": { "texture": "#ceramic", "uv": [ 7.0, 0.0, 14.0, 1.0 ] }
					}
				},
				{
					"name": "edge3",
					"from": [ 0.0, 0.0, 6.0 ], 
					"to": [ 7.0, 3.0, 7.0 ], 
					"uv": [ 0.0, 0.0 ],
					"rotationOrigin": [ 0.0, 0.0, 6.0 ],
					"faces": {
						"north": { "texture": "#ceramic", "uv": [ 0.0, 1.0, 7.0, 4.0 ] },
						"east": { "texture": "#ceramic", "uv": [ 7.0, 1.0, 8.0, 4.0 ] },
						"south": { "texture": "#ceramic", "uv": [ 8.0, 1.0, 15.0, 4.0 ] },
						"west": { "texture": "#ceramic", "uv": [ 15.0, 1.0, 16.0, 4.0 ] },
						"up": { "texture": "#ceramic", "uv": [ 0.0, 0.0, 7.0, 1.0 ] },
						"down": { "texture": "#ceramic", "uv": [ 7.0, 0.0, 14.0, 1.0 ] }
					}
				}
			]
		}
	]}