{
  "code": "compass-placeable",
  "variantgroups": [
    { "code": "type", "states": ["magnetic", "relative", "origin" ] }
  ],
  "classByType": {
    "*-magnetic": "BlockMagneticCompass",
    "*-relative": "BlockRelativeCompass",
    "*-origin": "BlockOriginCompass"
  },
  "entityClass": "BlockEntityCompass",
  "behaviors": [ { "name": "RightClickPickup" }, { "name": "Unstable", "properties": { "attachedToFaces": ["down"] } } ],
  "blockmaterial": "Ceramic",
  "resistance": "0.75",
  "creativeinventory": { "general": ["*"] },
  "shape": { "base": "block/compass/base" },
  "texturesByType": {
    "all": { "base": { "base": "game:block/clay/ceramic-dark" } },
    "*-magnetic": { "needle": { "base": "game:item/resource/nugget/magnetite" } },
    "*-relative": { "needle": { "base": "game:item/resource/nugget/malachite" } },
    "*-origin" : { "needle": { "base": "game:block/fire-blue" } }
  },
  "sidesolid": {
		"all": false
	},
	"sideopaque": {
		"all": false
	},
  "maxstacksize": 1,
  "lightabsorption": 0,
  "glowLevelByType": {
    "*-relative": 255,
    "*-origin": 255
  },
  "fpHandTransform": {
    "translation": { "x": -0.35, "y": 0.4, "z": 0 },
    "rotation": { "x": 174, "y": 45, "z": -140 },
    "scale": 1.76
  },
  "guiTransform": {
    "translation": { "x": 2, "y": 6, "z": 0 },
    "rotation": { "x": 145, "y": -90, "z": 0 },
    "origin": { "x": 0.5, "y": 0, "z": 0.5 },
    "scale": 2.7
  },
  "groundTransform": {
    "translation": { "x": 0, "y": 0.3, "z": 0 },
    "rotation": { "x": 0, "y": 0, "z": 0 },
    "origin": { "x": 0.5, "y": 0.5, "z": 0.5299 },
    "scale": 2.48
  },
  "tpHandTransform": {
    "translation": { "x": -2.1, "y": -1.6, "z": -1.4 },
    "rotation": { "x": 0, "y": 0, "z": -69 }
  },
  "collisionbox": { "x1": 0.25, "y1": 0, "z1": 0.25, "x2": 0.75, "y2": 0.1875, "z2": 0.75 },
  "selectionbox": { "x1": 0.25, "y1": 0, "z1": 0.25, "x2": 0.75, "y2": 0.1875, "z2": 0.75 }
}
