{
	"editor": {
		"allAngles": false,
		"entityTextureMode": false
	},
	"textureWidth": 16,
	"textureHeight": 16,
	"textureSizes": {
	},
	"textures": {
    	"bowl": "game:block/clay/ceramic-dark"
	},
	"elements": [
		{
			"name": "base",
			"from": [ 5.0, 0.0, 5.0 ], 
			"to": [ 11.0, 1.0, 11.0 ], 
			"rotationOrigin": [ 9.0, 0.0, 9.0 ],
			"faces": {
				"north": { "texture": "#bowl", "uv": [ 0.0, 6.0, 1.0, 12.0 ], "rotation": 90 },
				"east": { "texture": "#bowl", "uv": [ 1.0, 6.0, 7.0, 7.0 ] },
				"south": { "texture": "#bowl", "uv": [ 7.0, 6.0, 8.0, 12.0 ], "rotation": 270 },
				"west": { "texture": "#bowl", "uv": [ 8.0, 6.0, 14.0, 7.0 ], "rotation": 180 },
				"up": { "texture": "#bowl", "uv": [ 0.0, 0.0, 6.0, 6.0 ], "rotation": 270 },
				"down": { "texture": "#bowl", "uv": [ 6.0, 0.0, 12.0, 6.0 ], "rotation": 90 }
			},
			"children": [
				{
					"name": "edge w",
					"from": [ -1.0, 0.0, 0.0 ], 
					"to": [ 0.0, 3.0, 7.0 ], 
					"rotationOrigin": [ -1.0, 0.0, 0.0 ],
					"faces": {
						"north": { "texture": "#bowl", "uv": [ 0.0, 7.0, 1.0, 10.0 ] },
						"east": { "texture": "#bowl", "uv": [ 1.0, 7.0, 8.0, 10.0 ] },
						"south": { "texture": "#bowl", "uv": [ 8.0, 7.0, 9.0, 10.0 ] },
						"west": { "texture": "#bowl", "uv": [ 9.0, 7.0, 16.0, 10.0 ] },
						"up": { "texture": "#bowl", "uv": [ 0.0, 0.0, 1.0, 7.0 ] },
						"down": { "texture": "#bowl", "uv": [ 1.0, 0.0, 2.0, 7.0 ] }
					}
				},
				{
					"name": "edge e",
					"from": [ 6.0, 0.0, -1.0 ], 
					"to": [ 7.0, 3.0, 6.0 ], 
					"rotationOrigin": [ 6.0, 0.0, -1.0 ],
					"faces": {
						"north": { "texture": "#bowl", "uv": [ 0.0, 7.0, 1.0, 10.0 ] },
						"east": { "texture": "#bowl", "uv": [ 1.0, 7.0, 8.0, 10.0 ] },
						"south": { "texture": "#bowl", "uv": [ 8.0, 7.0, 9.0, 10.0 ] },
						"west": { "texture": "#bowl", "uv": [ 9.0, 7.0, 16.0, 10.0 ] },
						"up": { "texture": "#bowl", "uv": [ 0.0, 0.0, 1.0, 7.0 ] },
						"down": { "texture": "#bowl", "uv": [ 1.0, 0.0, 2.0, 7.0 ] }
					}
				},
				{
					"name": "edge n",
					"from": [ -1.0, 0.0, -1.0 ], 
					"to": [ 6.0, 3.0, 0.0 ], 
					"rotationOrigin": [ -1.0, 0.0, -1.0 ],
					"faces": {
						"north": { "texture": "#bowl", "uv": [ 0.0, 1.0, 7.0, 4.0 ] },
						"east": { "texture": "#bowl", "uv": [ 7.0, 1.0, 8.0, 4.0 ] },
						"south": { "texture": "#bowl", "uv": [ 8.0, 1.0, 15.0, 4.0 ] },
						"west": { "texture": "#bowl", "uv": [ 15.0, 1.0, 16.0, 4.0 ] },
						"up": { "texture": "#bowl", "uv": [ 0.0, 0.0, 7.0, 1.0 ] },
						"down": { "texture": "#bowl", "uv": [ 7.0, 0.0, 14.0, 1.0 ] }
					}
				},
				{
					"name": "edge s",
					"from": [ 0.0, 0.0, 6.0 ], 
					"to": [ 7.0, 3.0, 7.0 ], 
					"rotationOrigin": [ 0.0, 0.0, 6.0 ],
					"faces": {
						"north": { "texture": "#bowl", "uv": [ 0.0, 1.0, 7.0, 4.0 ] },
						"east": { "texture": "#bowl", "uv": [ 7.0, 1.0, 8.0, 4.0 ] },
						"south": { "texture": "#bowl", "uv": [ 8.0, 1.0, 15.0, 4.0 ] },
						"west": { "texture": "#bowl", "uv": [ 15.0, 1.0, 16.0, 4.0 ] },
						"up": { "texture": "#bowl", "uv": [ 0.0, 0.0, 7.0, 1.0 ] },
						"down": { "texture": "#bowl", "uv": [ 7.0, 0.0, 14.0, 1.0 ] }
					}
				}
			]
		}
	]
}
